<?xml version="1.0" encoding="UTF-8"?>
<!DOCTYPE suite SYSTEM "http://testng.org/testng-1.0.dtd">
<suite name="MRCP Automation Suite" parallel="methods" thread-count="2" configfailurepolicy="continue">
    <test name="MRCP Chrome">
      <!--  <parameter name = "browserName" value="Chrome" />
        <parameter name = "browserVersion" value="63x64" />
        <parameter name = "platform" value="Windows 10" /> -->
        <classes>
            <class name="com.optum.mrcpcosmosatdd.runner.MRCPBDDTest" />
        </classes>
    </test>
 
</suite>